Date,Open,High,Low,Close,Volume,Dividends,Stock Splits
2024-04-11 00:00:00-04:00,517.6009623032506,520.3324444976931,513.8066779437078,519.6371459960938,10369500,0.0,0.0
2024-04-12 00:00:00-04:00,514.26364759941,516.6872198942802,505.90033167824595,508.4530334472656,11984500,0.0,0.0
2024-04-15 00:00:00-04:00,513.2405867962719,515.0384571853876,493.93151580388917,496.8616638183594,13512900,0.0,0.0
2024-04-16 00:00:00-04:00,494.7558921640913,501.37104976093684,493.76262580382166,496.3948059082031,9847900,0.0,0.0
2024-04-17 00:00:00-04:00,499.7123609723866,499.77195453488656,483.8598367935751,490.8424987792969,12193700,0.0,0.0
2024-04-18 00:00:00-04:00,496.45443341487936,508.76101901000555,495.67968681337135,498.42108154296875,14808700,0.0,0.0
2024-04-19 00:00:00-04:00,499.41438048421065,499.41438048421065,472.52667955972896,477.8307189941406,25215400,0.0,0.0
2024-04-22 00:00:00-04:00,486.4224254546389,488.69701401127566,470.2123104372898,478.4862365722656,17271100,0.0,0.0
2024-04-23 00:00:00-04:00,487.94214263107534,495.4015833562038,485.67749634188175,492.7594909667969,15079200,0.0,0.0
2024-04-24 00:00:00-04:00,504.63886504823,506.565804061194,481.3169618234163,490.1769104003906,37772700,0.0,0.0
2024-04-25 00:00:00-04:00,418.5624257469969,442.7683213792549,411.70889412672494,438.40789794921875,82890700,0.0,0.0
2024-04-26 00:00:00-04:00,438.48735929530994,443.4338366860677,429.05132886461274,440.3050537109375,32691400,0.0,0.0
2024-04-29 00:00:00-04:00,436.60018048581003,436.7988458925218,425.67424998253733,429.7069091796875,21502600,0.0,0.0
2024-04-30 00:00:00-04:00,428.147455924362,436.65975597546355,426.8264249918601,427.2734069824219,18429500,0.0,0.0
2024-05-01 00:00:00-04:00,425.71397863682915,446.93013406880516,424.23399111108887,436.232666015625,20344900,0.0,0.0
2024-05-02 00:00:00-04:00,435.8850291236209,440.9705483091824,429.3692038781096,438.7059020996094,15221300,0.0,0.0
2024-05-03 00:00:00-04:00,442.92726154360383,451.11179697891964,440.86128084790545,448.9166564941406,16489100,0.0,0.0
2024-05-06 00:00:00-04:00,452.5122844958483,463.02105978106573,450.28737750238747,462.5442810058594,15094600,0.0,0.0
2024-05-07 00:00:00-04:00,463.150215285953,468.3549217147275,458.2037375185185,465.0870666503906,13406800,0.0,0.0
2024-05-08 00:00:00-04:00,460.37896403219986,472.3776084845462,459.8823308455416,469.4176940917969,11683900,0.0,0.0
2024-05-09 00:00:00-04:00,466.8351419832497,472.8741875039303,464.48110579807553,472.2186584472656,9437700,0.0,0.0
2024-05-10 00:00:00-04:00,473.87749114181366,474.2847340273294,466.43793506604857,472.9934997558594,10750000,0.0,0.0
2024-05-13 00:00:00-04:00,469.56671586760143,470.1626818020876,459.7333840408823,464.858642578125,14668800,0.0,0.0
2024-05-14 00:00:00-04:00,460.24979003132785,469.3580551308664,456.9819354918499,468.6726989746094,10478600,0.0,0.0
2024-05-15 00:00:00-04:00,471.78163043660237,479.25098197914036,468.0270850959641,478.2974548339844,13100500,0.0,0.0
2024-05-16 00:00:00-04:00,471.8015582324169,474.4734473766368,469.56670874605277,470.0434875488281,16608200,0.0,0.0
2024-05-17 00:00:00-04:00,467.65958568158874,469.6163216180006,465.2658404350713,468.7323303222656,10807300,0.0,0.0
2024-05-20 00:00:00-04:00,466.78558596876275,470.0137019704497,463.895176926725,465.68304443359375,11745100,0.0,0.0
2024-05-21 00:00:00-04:00,463.9746276136805,467.53053854336395,459.1572791821748,461.50140380859375,11742200,0.0,0.0
2024-05-22 00:00:00-04:00,464.71957833310466,470.5301932433233,462.51452555786585,464.63018798828125,10078600,0.0,0.0
2024-05-23 00:00:00-04:00,469.6958131205523,471.1658279710308,458.4321759489414,462.64361572265625,11747900,0.0,0.0
2024-05-24 00:00:00-04:00,464.4712177669983,476.61887645447604,463.16009887613995,474.9998474121094,12024300,0.0,0.0
2024-05-28 00:00:00-04:00,473.37087913585106,477.6220580395815,471.6426053305284,476.68841552734375,10175800,0.0,0.0
2024-05-29 00:00:00-04:00,471.46376955148327,476.6188238980227,470.5102424233148,471.165771484375,9226200,0.0,0.0
2024-05-30 00:00:00-04:00,468.4939760428169,468.5535696018269,461.5808200768087,463.9050598144531,10719600,0.0,0.0
2024-05-31 00:00:00-04:00,462.66346029491183,465.9611118987805,451.3998233629331,463.6865234375,16919800,0.0,0.0
2024-06-03 00:00:00-04:00,467.68941896049296,476.3705882132415,465.0870657511374,474.2747802734375,11279400,0.0,0.0
2024-06-04 00:00:00-04:00,473.78804905282203,475.6653370045295,470.04344582485936,473.7781066894531,7088700,0.0,0.0
2024-06-05 00:00:00-04:00,481.18792879186043,493.3057609159678,480.651556438236,491.7264709472656,15690500,0.0,0.0
2024-06-06 00:00:00-04:00,489.6604646276873,499.4342020437463,487.58454155763394,490.4352111816406,10667300,0.0,0.0
2024-06-07 00:00:00-04:00,492.57074247783544,495.5505416682554,486.8694030600324,489.6405944824219,9380700,0.0,0.0
2024-06-10 00:00:00-04:00,490.53449931508374,499.27526127994463,490.0875476500694,499.2156677246094,11220900,0.0,0.0
2024-06-11 00:00:00-04:00,496.792112209235,504.18201644117164,494.914824216535,504.0528869628906,9673700,0.0,0.0
2024-06-12 00:00:00-04:00,510.5289816127229,510.5488663402382,501.0730965012288,505.4136657714844,11983200,0.0,0.0
2024-06-13 00:00:00-04:00,502.3047412736244,505.9301575612256,497.98402638310364,500.7055969238281,9954600,0.0,0.0
2024-06-14 00:00:00-04:00,499.76108944033547,504.2352263741651,497.872015470044,501.2624206542969,10243300,0.5,0.0
2024-06-17 00:00:00-04:00,498.78668605391897,507.81448578396373,493.15921302560884,503.7181701660156,11266600,0.0,0.0
2024-06-18 00:00:00-04:00,501.66003859591564,503.0917646222148,492.1748612572284,496.6191711425781,13060400,0.0,0.0
2024-06-20 00:00:00-04:00,499.11473088387345,500.77514582920435,493.9147796369395,498.81646728515625,11801200,0.0,0.0
2024-06-21 00:00:00-04:00,500.5564623228992,500.5564623228992,489.56003146184884,491.936279296875,22359200,0.0,0.0
2024-06-24 00:00:00-04:00,496.33091377345426,504.88146192373665,491.44912982983715,496.0425720214844,13525300,0.0,0.0
2024-06-25 00:00:00-04:00,494.1931746405667,507.7746669273976,492.6520954596526,507.6653137207031,12063200,0.0,0.0
2024-06-26 00:00:00-04:00,503.7380225205022,510.856874053988,501.77934388389946,510.17083740234375,8882300,0.0,0.0
2024-06-27 00:00:00-04:00,511.29431351366713,519.8747168625777,510.94634943596475,516.5737915039062,10121200,0.0,0.0
2024-06-28 00:00:00-04:00,514.1777613035174,518.8805567277017,500.9442311555743,501.3220520019531,15855100,0.0,0.0
2024-07-01 00:00:00-04:00,502.0478560452752,503.6684622749848,490.3355617817053,501.7793884277344,10328200,0.0,0.0
2024-07-02 00:00:00-04:00,497.8818980210312,507.5659077862411,496.5794296566328,506.5716552734375,7739500,0.0,0.0
2024-07-03 00:00:00-04:00,503.459628898402,508.34141226916296,503.11163445819557,507.02899169921875,6005600,0.0,0.0
2024-07-05 00:00:00-04:00,508.65968477780285,537.7614502342552,508.65968477780285,536.8069458007812,21354100,0.0,0.0
2024-07-08 00:00:00-04:00,539.2327877262878,539.6901656960439,523.623072932016,526.2777099609375,14917500,0.0,0.0
2024-07-09 00:00:00-04:00,530.6823045262751,534.3908471604564,525.1542627135257,526.953857421875,8753200,0.0,0.0
2024-07-10 00:00:00-04:00,527.7393944025683,535.7829258371156,525.3233675064212,531.6170043945312,10983300,0.0,0.0
2024-07-11 00:00:00-04:00,527.8387838594573,532.3825255793723,505.44819561353233,509.7533264160156,16458300,0.0,0.0
2024-07-12 00:00:00-04:00,494.89917130590845,505.16978705228513,491.3894609308073,496.0027770996094,19750500,0.0,0.0
2024-07-15 00:00:00-04:00,495.76415462534726,503.76787552831104,490.5343764947893,493.308349609375,12539200,0.0,0.0
2024-07-16 00:00:00-04:00,498.6176334574685,501.05356424233753,482.99793503081224,486.9749450683594,14075800,0.0,0.0
2024-07-17 00:00:00-04:00,476.41602998115064,476.41602998115064,456.4812472174527,459.3347473144531,28076600,0.0,0.0
2024-07-18 00:00:00-04:00,472.2699610515285,476.4855821522594,461.87008787870946,473.1150817871094,19267200,0.0,0.0
2024-07-19 00:00:00-04:00,473.3238673312673,483.91265093835443,472.975872869739,474.0496826171875,15149400,0.0,0.0
2024-07-22 00:00:00-04:00,483.7834299289137,489.2319452484401,481.1188401704912,484.5987243652344,12023100,0.0,0.0
2024-07-23 00:00:00-04:00,487.0246098193958,492.3736927821328,484.9167995089142,485.8812255859375,9455500,0.0,0.0
2024-07-24 00:00:00-04:00,469.5954226900346,473.5624806822974,457.93282927520823,458.6188659667969,17649700,0.0,0.0
2024-07-25 00:00:00-04:00,460.5974713733936,460.88578278239254,440.10590941212183,450.8040771484375,18240500,0.0,0.0
2024-07-26 00:00:00-04:00,461.53202821439885,467.06999164626853,456.7795024206526,463.0234069824219,14222400,0.0,0.0
2024-07-29 00:00:00-04:00,467.1794022788637,471.23593941244997,462.3473190124621,463.0333557128906,11339600,0.0,0.0
2024-07-30 00:00:00-04:00,464.3159317450937,470.01300966806275,454.0751428177802,460.52783203125,11390400,0.0,0.0
2024-07-31 00:00:00-04:00,468.3128218694942,473.7613367281888,464.06737443417023,472.1009216308594,24285800,0.0,0.0
2024-08-01 00:00:00-04:00,518.0055653777843,524.1400864636705,489.2716734818862,494.8792419433594,43083100,0.0,0.0
2024-08-02 00:00:00-04:00,486.18951531730556,498.2696781877349,473.4133634987111,485.33447265625,24044700,0.0,0.0
2024-08-05 00:00:00-04:00,448.75593488709967,480.70127704758426,448.20907773008906,472.9958190917969,21396200,0.0,0.0
2024-08-06 00:00:00-04:00,476.24697663872547,499.6715645445627,475.8989821739981,491.250244140625,20955000,0.0,0.0
2024-08-07 00:00:00-04:00,500.2382746300819,507.2179163887547,484.06176673048657,486.1099548339844,20105300,0.0,0.0
2024-08-08 00:00:00-04:00,494.6406991299649,507.029078797288,491.8766779444938,506.70098876953125,16156800,0.0,0.0
2024-08-09 00:00:00-04:00,504.7919205071636,515.3608596163658,502.79349364561364,514.7941284179688,13696600,0.0,0.0
2024-08-12 00:00:00-04:00,513.8894234095668,515.0427904966505,506.17404327864693,512.9846801757812,9767400,0.0,0.0
2024-08-13 00:00:00-04:00,517.0213150020412,528.4452679044376,515.1720196917782,525.5022583007812,13743800,0.0,0.0
2024-08-14 00:00:00-04:00,525.0249990881922,530.9308616621455,520.1233412991648,523.7324829101562,11444200,0.0,0.0
2024-08-15 00:00:00-04:00,528.7335620768248,536.667738996692,523.6728503857054,534.2417602539062,13482100,0.0,0.0
2024-08-16 00:00:00-04:00,528.842964640351,530.5927981833395,521.6445250806896,524.388671875,14776700,0.0,0.0
2024-08-19 00:00:00-04:00,523.8419151544666,528.6043637407321,519.7555511220255,526.2380981445312,9879700,0.0,0.0
2024-08-20 00:00:00-04:00,525.3133822500959,528.0376855839605,522.8576072447534,523.7026977539062,7944400,0.0,0.0
2024-08-21 00:00:00-04:00,524.1201954153424,536.299787744821,523.9014283237659,532.0841064453125,13423300,0.0,0.0
2024-08-22 00:00:00-04:00,533.9135476981955,541.1019732510056,525.5519115759549,528.8726806640625,15708300,0.0,0.0
2024-08-23 00:00:00-04:00,533.8341096091634,536.7671670292674,522.0422878821846,524.9653930664062,11323900,0.0,0.0
2024-08-26 00:00:00-04:00,524.5676767533054,524.9654020892407,511.99041707220374,518.1249389648438,9584000,0.0,0.0
2024-08-27 00:00:00-04:00,515.9972106523948,520.9983305112823,512.348320490828,516.1165161132812,6282700,0.0,0.0
2024-08-28 00:00:00-04:00,514.6946530207725,518.095040120393,509.5046843177006,513.809814453125,9106100,0.0,0.0
2024-08-29 00:00:00-04:00,516.0667627034325,524.169945083232,512.7161365376401,515.2415161132812,8317400,0.0,0.0
2024-08-30 00:00:00-04:00,518.3535299929398,520.5309454515676,512.2389133705824,518.3137817382812,9157500,0.0,0.0
2024-09-03 00:00:00-04:00,516.6534100228187,522.4697631708141,505.69672749483755,508.8186950683594,12459100,0.0,0.0
2024-09-04 00:00:00-04:00,503.16141255787795,513.6209691624427,501.1729073895188,509.7930603027344,8335200,0.0,0.0
2024-09-05 00:00:00-04:00,508.77884065529906,518.6318856057995,508.21210950371375,513.8892822265625,8640900,0.0,0.0
2024-09-06 00:00:00-04:00,518.880559665027,521.5650538628864,495.3863655135682,497.3947448730469,14744500,0.0,0.0
2024-09-09 00:00:00-04:00,503.25091519461813,508.39118430369916,499.1943474697526,501.8887939453125,11047800,0.0,0.0
2024-09-10 00:00:00-04:00,505.239420456012,511.2248103696218,497.1561417136968,501.8887939453125,9899000,0.0,0.0
2024-09-11 00:00:00-04:00,504.0959706304443,510.17083885199577,492.7515459442201,508.88824462890625,10782500,0.0,0.0
2024-09-12 00:00:00-04:00,514.07825463183,523.6827679826088,512.2587555239991,522.5791015625,11970500,0.0,0.0
2024-09-13 00:00:00-04:00,517.3494277649944,524.5478069237411,514.1379505818885,521.6047973632812,10321400,0.0,0.0
2024-09-16 00:00:00-04:00,522.0227173210484,531.5368365725262,514.9170282546622,530.7208251953125,9527600,0.5,0.0
2024-09-17 00:00:00-04:00,535.02004153394,539.4984461028365,528.0238099822781,533.7462158203125,11690800,0.0,0.0
2024-09-18 00:00:00-04:00,534.4926873694405,541.5884764077421,531.3379167409221,535.3684692382812,10323500,0.0,0.0
2024-09-19 00:00:00-04:00,547.360625106574,559.3727101138928,543.8973445888765,556.4169311523438,15647000,0.0,0.0
2024-09-20 00:00:00-04:00,557.3126307061377,561.791035774312,553.6303743905208,558.6561279296875,22066800,0.0,0.0
2024-09-23 00:00:00-04:00,566.7669546644623,571.2254355902388,559.7109530325689,561.7013549804688,12830700,0.0,0.0
2024-09-24 00:00:00-04:00,563.9604859111224,565.0253582522924,551.5304353488232,560.6265869140625,12993000,0.0,0.0
2024-09-25 00:00:00-04:00,561.3431364723867,574.1115828691105,561.0147031201811,565.5827026367188,16543400,0.0,0.0
2024-09-26 00:00:00-04:00,572.9670184614811,574.629047767765,559.6512250083359,565.1149291992188,14400800,0.0,0.0
2024-09-27 00:00:00-04:00,567.364170626601,568.1006705261619,561.8010300244408,564.6373291015625,9398400,0.0,0.0
2024-09-30 00:00:00-04:00,564.975688534177,571.9221729211617,562.0895809864053,569.6929321289062,12792300,0.0,0.0
2024-10-01 00:00:00-04:00,575.206254439428,580.2419690688359,567.3640657014531,573.7034912109375,15259300,0.0,0.0
2024-10-02 00:00:00-04:00,572.1013073959746,573.2358512630743,566.6078384594379,570.0611572265625,6524700,0.0,0.0
2024-10-03 00:00:00-04:00,567.4139551254736,580.5605233296984,566.0007257701127,579.973388671875,11581000,0.0,0.0
2024-10-04 00:00:00-04:00,580.9286522167133,593.9856842958213,578.6397020969828,593.080078125,14169500,0.0,0.0
2024-10-07 00:00:00-04:00,595.3491999625717,600.0565426843976,581.2372550118221,581.9737548828125,12014200,0.0,0.0
2024-10-08 00:00:00-04:00,586.8600834032629,590.7115064354323,583.1579040765794,590.0447387695312,7857400,0.0,0.0
2024-10-09 00:00:00-04:00,591.1395502650149,591.5376550413775,578.8189545663957,587.67626953125,9529700,0.0,0.0
2024-10-10 00:00:00-04:00,584.7503629965945,587.3975714014435,579.7246092000134,581.0283203125,7740400,0.0,0.0
2024-10-11 00:00:00-04:00,582.0234717517561,588.3728595792917,579.9136502956993,587.118896484375,8587100,0.0,0.0
2024-10-14 00:00:00-04:00,591.3684222975463,597.2202101574127,587.1289162492645,587.586669921875,8252000,0.0,0.0
2024-10-15 00:00:00-04:00,587.3278289153324,587.7756815393129,577.3559556315927,583.45654296875,9564200,0.0,0.0
2024-10-16 00:00:00-04:00,578.6099570311397,579.2866865055009,571.2753296162662,574.0220336914062,11268400,0.0,0.0
2024-10-17 00:00:00-04:00,580.5306884411078,582.1627721197076,572.4396984468079,574.161376953125,8701200,0.0,0.0
2024-10-18 00:00:00-04:00,578.3112766994918,581.1674987096003,572.4893751474343,573.7034912109375,7694300,0.0,0.0
2024-10-21 00:00:00-04:00,573.2657221535495,574.4698766165733,566.37888676671,572.3998413085938,8171900,0.0,0.0
2024-10-22 00:00:00-04:00,571.5339961936412,580.7297050326658,569.3744268963089,579.2169799804688,8544500,0.0,0.0
2024-10-23 00:00:00-04:00,577.1867042398765,582.192594507908,559.8005716422192,560.98486328125,14248400,0.0,0.0
2024-10-24 00:00:00-04:00,564.4083928532417,566.1499947416787,558.8253293775932,565.0552978515625,7184700,0.0,0.0
2024-10-25 00:00:00-04:00,571.1757528879629,578.5004183141831,568.9763366172681,570.4990234375,11337900,0.0,0.0
2024-10-28 00:00:00-04:00,579.2070359341649,580.948637846338,571.3648464645419,575.3854370117188,10925100,0.0,0.0
2024-10-29 00:00:00-04:00,577.365987086118,590.8210656933186,572.6387814957556,590.4329833984375,13019100,0.0,0.0
2024-10-30 00:00:00-04:00,598.0958991586175,598.3148749725009,586.5515914382872,588.9599609375,26864900,0.0,0.0
2024-10-31 00:00:00-04:00,582.1925856019707,587.0690948039123,560.3081253081026,564.856201171875,26838400,0.0,0.0
2024-11-01 00:00:00-04:00,564.8860850679225,570.917001339198,559.8603316322354,564.438232421875,15303200,0.0,0.0
2024-11-04 00:00:00-05:00,561.392889439504,565.9608889972419,555.2127297782872,557.9893188476562,12064600,0.0,0.0
2024-11-05 00:00:00-05:00,564.5775361837109,570.7278713037589,563.950554670974,569.6829223632812,9775400,0.0,0.0
2024-11-06 00:00:00-05:00,560.0494509609904,570.2502628176765,552.5058091849941,569.3048095703125,18305400,0.0,0.0
2024-11-07 00:00:00-05:00,574.1216080144851,591.9456339468819,572.4496773656942,588.8605346679688,14653700,0.0,0.0
2024-11-08 00:00:00-05:00,588.7011733753752,590.2536844943522,581.7149037111028,586.5117797851562,9415700,0.0,0.0
2024-11-11 00:00:00-05:00,583.5460314431883,584.1829746478602,573.743326097359,580.371337890625,10209100,0.0,0.0
2024-11-12 00:00:00-05:00,585.7156075410013,596.78223842264,577.5947936518803,582.0134887695312,16287700,0.0,0.0
2024-11-13 00:00:00-05:00,579.8140126435408,582.8295006873793,572.4097151236031,577.216552734375,10757600,0.0,0.0
2024-11-14 00:00:00-05:00,574.2310533344881,577.9730193106801,570.2602105353902,574.3902587890625,11053700,0.0,0.0
2024-11-15 00:00:00-05:00,568.47872051752,569.8222783942981,548.8533847643662,551.4210205078125,17712900,0.0,0.0
2024-11-18 00:00:00-05:00,554.3667866349945,557.2131078822542,547.4501877365338,551.739501953125,14327300,0.0,0.0
2024-11-19 00:00:00-05:00,549.2116526423954,558.7357342533962,547.9576895646346,558.3973999023438,9522400,0.0,0.0
2024-11-20 00:00:00-05:00,560.2284939812367,563.6320644076252,551.5404086524625,562.8060913085938,9797300,0.0,0.0
2024-11-21 00:00:00-05:00,566.7870149360606,567.2646920813422,546.415214495865,560.3878784179688,11154700,0.0,0.0
2024-11-22 00:00:00-05:00,560.8455359497274,561.1242213982047,551.9285734744715,556.4567260742188,9164000,0.0,0.0
2024-11-25 00:00:00-05:00,559.402445590544,569.8421548761189,553.7198868796414,562.3980102539062,13599800,0.0,0.0
2024-11-26 00:00:00-05:00,563.2837432513497,574.7285542891422,562.4875946319524,570.7875366210938,10356600,0.0,0.0
2024-11-27 00:00:00-05:00,572.131141178584,572.2206752566353,561.3928830685265,566.4684448242188,7200200,0.0,0.0
2024-11-29 00:00:00-05:00,566.2694266604135,575.6840509462676,564.179528644509,571.5639038085938,7130500,0.0,0.0
2024-12-02 00:00:00-05:00,574.7285975175146,591.6470151067747,572.8078668096863,589.9850463867188,12522400,0.0,0.0
2024-12-03 00:00:00-05:00,592.144674748723,611.2525486705784,588.412670496105,610.7052001953125,14907200,0.0,0.0
2024-12-04 00:00:00-05:00,610.0184005822902,614.8152764849832,602.1960748947224,610.83447265625,14697000,0.0,0.0
2024-12-05 00:00:00-05:00,614.1187878008875,616.9252625392952,604.1368903762177,606.0078735351562,8081200,0.0,0.0
2024-12-06 00:00:00-05:00,607.1721088209316,626.7676190380172,605.6096966963446,620.7765502929688,16935500,0.0,0.0
2024-12-09 00:00:00-05:00,620.9258564568023,623.3939965020669,603.2610368421125,610.6255493164062,11426000,0.0,0.0
2024-12-10 00:00:00-05:00,614.5963977457716,622.5878918502519,609.7995210855536,616.3479614257812,10938900,0.0,0.0
2024-12-11 00:00:00-05:00,620.37847939692,635.3363804725623,618.547343463704,629.643798828125,10837200,0.0,0.0
2024-12-12 00:00:00-05:00,628.4694319605399,633.6046423977135,624.2000415346207,627.7628173828125,7474700,0.0,0.0
2024-12-13 00:00:00-05:00,624.2100126233092,628.051535081657,613.9296288656519,617.3729858398438,8453300,0.0,0.0
2024-12-16 00:00:00-05:00,627.4624746323816,628.6278428855253,616.1080674222911,621.7454223632812,10885600,0.5,0.0
2024-12-17 00:00:00-05:00,623.6676857660912,629.842921517428,614.0761642573996,616.964599609375,12897800,0.0,0.0
2024-12-18 00:00:00-05:00,618.5183765194273,624.8529462687603,593.9370093659079,594.8035278320312,17075500,0.0,0.0
2024-12-19 00:00:00-05:00,607.9507863504745,609.0762755305054,592.6222729689903,593.1900024414062,14958100,0.0,0.0
2024-12-20 00:00:00-05:00,588.219910849056,600.6998062071282,577.68217416769,582.9111938476562,48989400,0.0,0.0
2024-12-23 00:00:00-05:00,587.2437814772281,598.6879155279142,583.9071932608068,597.4528198242188,10205800,0.0,0.0
2024-12-24 00:00:00-05:00,600.3113609374378,605.5603202398497,596.8851663404314,605.3212890625,4726100,0.0,0.0
2024-12-26 00:00:00-05:00,603.0603968908488,603.8771273499036,596.5465535400348,600.9389038085938,6081400,0.0,0.0
2024-12-27 00:00:00-05:00,597.0146600682612,599.4449119716119,587.4430773536361,597.4130859375,8084200,0.0,0.0
2024-12-30 00:00:00-05:00,586.3972186440706,594.5544919388965,583.239903719799,588.8772583007812,7025900,0.0,0.0
2024-12-31 00:00:00-05:00,589.9032228392957,591.5963807603267,581.5168266078615,583.1702270507812,6019500,0.0,0.0
2025-01-02 00:00:00-05:00,587.3633608157467,602.4926617179121,585.470989976871,596.8453369140625,12682300,0.0,0.0
2025-01-03 00:00:00-05:00,602.3432915147383,607.0643399858958,594.0266229827574,602.2138061523438,11436800,0.0,0.0
2025-01-06 00:00:00-05:00,609.385054699766,628.4684617844035,603.1998488847688,627.681640625,14560800,0.0,0.0
2025-01-07 00:00:00-05:00,629.175648227163,629.5740132949604,605.7994061067093,615.4208374023438,12071500,0.0,0.0
2025-01-08 00:00:00-05:00,610.9487626580363,613.976592361968,600.3811160103171,608.2794189453125,10085800,0.0,0.0
2025-01-10 00:00:00-05:00,607.5922670173171,627.3927679278979,594.9529755373284,613.39892578125,19256600,0.0,0.0
2025-01-13 00:00:00-05:00,604.6738608485571,606.5363830240626,596.058464764125,605.8989868164062,10785000,0.0,0.0
2025-01-14 00:00:00-05:00,602.6520122964943,603.0703168610439,586.1980104567526,591.875244140625,13598000,0.0,0.0
2025-01-15 00:00:00-05:00,607.7715100133968,619.972556750708,604.0763139738187,614.6538696289062,15524300,0.0,0.0
2025-01-16 00:00:00-05:00,609.0563296194044,613.7873477153851,607.2735046849263,608.8571166992188,8355300,0.0,0.0
2025-01-17 00:00:00-05:00,621.5561807031561,622.4724872092602,601.2576176946507,610.3212890625,17280600,0.0,0.0
2025-01-21 00:00:00-05:00,615.3611025019545,619.0164197693068,606.5763408669152,613.99658203125,11674000,0.0,0.0
2025-01-22 00:00:00-05:00,620.8092099161343,631.1676746458771,616.9546797410454,621.0084228515625,12274000,0.0,0.0
2025-01-23 00:00:00-05:00,624.8529752907019,634.0560413523201,618.6678301446317,633.9066772460938,9910200,0.0,0.0
2025-01-24 00:00:00-05:00,633.8568781379164,649.3945139716581,631.6656574969397,644.9025268554688,19065300,0.0,0.0
2025-01-27 00:00:00-05:00,624.1059736130031,661.2170877274049,622.601998034938,657.2430419921875,28399200,0.0,0.0
2025-01-28 00:00:00-05:00,663.3385855806857,679.8523469699959,656.8346510497705,671.6353149414062,20950100,0.0,0.0
2025-01-29 00:00:00-05:00,672.3025851139503,678.3283961259809,663.0098523603809,673.78662109375,21377800,0.0,0.0
2025-01-30 00:00:00-05:00,694.0354655916807,707.9496113098508,673.3982325567493,684.2546997070312,29322900,0.0,0.0
2025-01-31 00:00:00-05:00,688.2386375622425,702.4814799874082,682.8403138955325,686.4259033203125,19303900,0.0,0.0
2025-02-03 00:00:00-05:00,673.2088612929582,701.1866331034283,672.551525572571,694.6727905273438,21415700,0.0,0.0
2025-02-04 00:00:00-05:00,699.6926666804768,704.8818683424153,688.846170752285,701.3759155273438,13826300,0.0,0.0
2025-02-05 00:00:00-05:00,700.7384902909668,715.270213081664,696.2166547369433,702.05322265625,17778200,0.0,0.0
2025-02-06 00:00:00-05:00,703.0591459116995,716.0271344480996,700.6886520762018,709.1447143554688,13080700,0.0,0.0
2025-02-07 00:00:00-05:00,713.935407502432,722.112619392041,708.9056012046439,711.66455078125,16427100,0.0,0.0
2025-02-10 00:00:00-05:00,715.688479736199,718.317944327383,708.4873917995161,714.5331420898438,12904300,0.0,0.0
2025-02-11 00:00:00-05:00,710.4694982653,720.7681443890708,707.2025763439763,716.923583984375,12998000,0.0,0.0
2025-02-12 00:00:00-05:00,712.4415265910553,724.1943596127884,709.7523040950127,722.4812622070312,12016500,0.0,0.0
2025-02-13 00:00:00-05:00,718.6367143797072,726.0868036941785,715.170579657767,725.6485595703125,12569100,0.0,0.0
2025-02-14 00:00:00-05:00,723.2381862179419,737.9491204423847,722.7202448085826,733.72607421875,16901200,0.0,0.0
2025-02-18 00:00:00-05:00,733.0588860566314,734.054889977904,703.6170125754637,713.50732421875,21938700,0.0,0.0
2025-02-19 00:00:00-05:00,701.2863401626805,704.1747758653347,692.6111848713654,700.9577026367188,17535500,0.0,0.0
2025-02-20 00:00:00-05:00,694.4935451126314,702.8101523617008,690.8680767624129,692.0632934570312,12587400,0.0,0.0
2025-02-21 00:00:00-05:00,693.7964419712561,701.0572888134465,679.6332343243371,680.8184814453125,15660400,0.0,0.0
2025-02-24 00:00:00-05:00,683.5375779038759,684.5236120270697,659.8027882150541,665.4600830078125,15677000,0.0,0.0
2025-02-25 00:00:00-05:00,663.3086205526677,665.3305374435599,639.2949835590877,654.8724975585938,20579700,0.0,0.0
2025-02-26 00:00:00-05:00,657.0139704281752,680.2806060030118,655.3705397430182,671.0078125,14488700,0.0,0.0
2025-02-27 00:00:00-05:00,679.7228329637242,685.8980689317682,654.9422525540249,655.6095581054688,12500000,0.0,0.0
2025-02-28 00:00:00-05:00,655.4103519906419,666.9540633677159,640.0320501051021,665.52978515625,17534200,0.0,0.0
2025-03-03 00:00:00-05:00,670.9879314349012,678.5276886054382,648.2392353381908,652.432373046875,10843800,0.0,0.0
2025-03-04 00:00:00-05:00,642.9304346142569,647.1534810781478,621.1578057314852,637.4424438476562,21495200,0.0,0.0
2025-03-05 00:00:00-05:00,638.4384682626843,656.8645394995948,635.1117886533837,653.8466186523438,13770000,0.0,0.0
2025-03-06 00:00:00-05:00,645.4105206986194,647.9602882252848,621.6159731774069,625.4207153320312,13446500,0.0,0.0
2025-03-07 00:00:00-05:00,622.8709707851677,632.2533107532521,598.2099038331546,623.1597900390625,21375700,0.0,0.0
2025-03-10 00:00:00-04:00,605.6400157185544,607.6718415110856,584.5247237757733,595.6002807617188,21999900,0.0,0.0
2025-03-11 00:00:00-04:00,592.6720550865267,612.4726156961103,590.9589577128245,603.2894897460938,17401500,0.0,0.0
2025-03-12 00:00:00-04:00,627.3828123944874,630.7990981033598,606.9148858522937,617.0841064453125,15747000,0.0,0.0
2025-03-13 00:00:00-04:00,617.771383307468,618.0203842680918,584.1662233882897,588.2797241210938,16480300,0.0,0.0
2025-03-14 00:00:00-04:00,600.9252674163599,606.9664182577417,592.9302511563588,605.7103271484375,12364500,0.525,0.0
2025-03-17 00:00:00-04:00,605.5707735579393,611.1931864721827,596.1401729971761,603.0187377929688,15473900,0.0,0.0
2025-03-18 00:00:00-04:00,598.183814121998,598.3832042849959,572.8727631895948,580.548828125,20297700,0.0,0.0
2025-03-19 00:00:00-04:00,582.4628776976826,590.4778508331983,572.9824447250121,582.2435302734375,20537500,0.0,0.0
2025-03-20 00:00:00-04:00,580.9475766447827,608.3022383482739,577.7076844207866,584.177490234375,24336500,0.0,0.0
2025-03-21 00:00:00-04:00,581.6054551261589,595.6815348407195,579.1431664198761,594.3955688476562,25015900,0.0,0.0
2025-03-24 00:00:00-04:00,613.0574159247302,620.6038805487033,610.2960719913144,616.9253540039062,15741300,0.0,0.0
2025-03-25 00:00:00-04:00,624.81079529283,631.9086473292332,619.2481319746062,624.3621826171875,15312500,0.0,0.0
2025-03-26 00:00:00-04:00,622.9466079863333,624.8008087872727,604.7234295430264,609.079833984375,12609800,0.0,0.0
2025-03-27 00:00:00-04:00,600.1277194388429,612.3396207064936,598.2336042918504,600.7059326171875,10436500,0.0,0.0
2025-03-28 00:00:00-04:00,598.4429920373162,599.8785159717515,572.1350521556752,574.9462890625,17602800,0.0,0.0
2025-03-31 00:00:00-04:00,561.7475141060938,576.9002542510486,551.5792239532071,574.5675048828125,21124700,0.0,0.0
2025-04-01 00:00:00-04:00,569.0646658937729,588.0753030303752,568.2272515931634,584.177490234375,12836600,0.0,0.0
2025-04-02 00:00:00-04:00,573.1219856405797,590.8167826006645,571.5768183567942,582.1139526367188,13470800,0.0,0.0
2025-04-03 00:00:00-04:00,544.5211822460076,550.8414911032017,528.6507117752637,529.9666137695312,34777500,0.0,0.0
2025-04-04 00:00:00-04:00,505.04435388504976,516.3889657610956,492.66299842221946,503.1602478027344,38589800,0.0,0.0
2025-04-07 00:00:00-04:00,483.5913523338717,537.6925624927222,480.4012921169833,514.6444702148438,36606100,0.0,0.0
2025-04-08 00:00:00-04:00,541.5604660254379,545.7274587202911,501.29606629091035,508.86248779296875,28034200,0.0,0.0
2025-04-09 00:00:00-04:00,507.68613102008703,586.06164400195,500.54839536763654,583.9482421875,39216600,0.0,0.0
2025-04-10 00:00:00-04:00,573.7002672016247,579.4921961810471,533.6352521175596,544.591064453125,28173500,0.0,0.0
2025-04-11 00:00:00-04:00,533.8445854574395,545.6976224228102,526.9461235413648,541.8795166015625,17642300,0.0,0.0
2025-04-14 00:00:00-04:00,554.4402405149555,556.0353008675298,526.6370273527008,529.8270263671875,14130900,0.0,0.0
2025-04-15 00:00:00-04:00,530.4551018896253,536.2669873917704,515.8905541802854,519.8980712890625,15558700,0.0,0.0
2025-04-16 00:00:00-04:00,506.92850187672303,511.77337227474317,494.0885548667942,500.7477722167969,18735100,0.0,0.0
2025-04-17 00:00:00-04:00,503.67864377215466,505.72225598652767,496.4611703190648,499.9203796386719,14593500,0.0,0.0
2025-04-21 00:00:00-04:00,489.8019182716785,491.9651828161341,478.3077785405203,483.1526794433594,16166000,0.0,0.0
2025-04-22 00:00:00-04:00,490.3402426542842,505.30357016721007,484.84736943102456,498.7240905761719,17399400,0.0,0.0
2025-04-23 00:00:00-04:00,526.8862986388891,533.6751170758674,514.9136400551463,518.6519775390625,18173900,0.0,0.0
2025-04-24 00:00:00-04:00,517.1166859465856,532.2395497601927,515.8905308220942,531.4918823242188,13910000,0.0,0.0
2025-04-25 00:00:00-04:00,545.09942323875,548.1499041120835,534.5822462279478,545.5679931640625,17098900,0.0,0.0
2025-04-28 00:00:00-04:00,553.9119485027396,556.7530605327843,538.9087668679174,548.0302734375,15179000,0.0,0.0
2025-04-29 00:00:00-04:00,544.3018840382675,554.8390175563454,542.4277261633298,552.7156372070312,11835000,0.0,0.0
2025-04-30 00:00:00-04:00,536.7255930212515,547.392267199569,527.8532478040685,547.2926025390625,29244000,0.0,0.0
2025-05-01 00:00:00-04:00,590.238618351305,591.1059077397648,568.7257162038675,570.430419921875,31159000,0.0,0.0
2025-05-02 00:00:00-04:00,581.6455031396575,602.4605727044257,576.5314522041982,595.163330078125,24739300,0.0,0.0
2025-05-05 00:00:00-04:00,589.3812373579714,601.3339987723356,586.2211133050413,597.40625,13887700,0.0,0.0
2025-05-06 00:00:00-04:00,590.6873184543757,594.1764337943081,584.7558102074221,585.4835205078125,10600700,0.0,0.0
2025-05-07 00:00:00-04:00,588.5239657880628,601.2044382274429,584.8454392543059,594.9539184570312,13139100,0.0,0.0
2025-05-08 00:00:00-04:00,604.4044252029665,609.3988539126512,594.7645157959997,596.1502075195312,14622800,0.0,0.0
2025-05-09 00:00:00-04:00,601.8423317625629,605.0822238866388,589.8697353618245,590.6472778320312,10427300,0.0,0.0
2025-05-12 00:00:00-04:00,628.9577416253547,638.3983203620691,619.0985470240091,637.4412841796875,21965100,0.0,0.0
2025-05-13 00:00:00-04:00,643.5323193603671,658.8644917290795,640.8307865245315,653.98974609375,18570800,0.0,0.0
2025-05-14 00:00:00-04:00,659.1535478334292,660.6089680473883,652.2749836533258,657.3092651367188,12348200,0.0,0.0
2025-05-15 00:00:00-04:00,652.2451822041022,655.2657270968772,636.5939979037247,641.8775024414062,14341800,0.0,0.0
2025-05-16 00:00:00-04:00,635.9759078924747,638.448175394899,624.2026405076157,638.3485107421875,18519000,0.0,0.0
2025-05-19 00:00:00-04:00,626.2961199602966,641.0002469311114,625.8475073073743,638.438232421875,9592400,0.0,0.0
2025-05-20 00:00:00-04:00,634.0320152877193,637.3615937967512,630.2936778074568,635.1185913085938,6743500,0.0,0.0
2025-05-21 00:00:00-04:00,629.8250759728282,644.5989922480402,628.2101191307713,633.5235595703125,11464600,0.0,0.0
2025-05-22 00:00:00-04:00,632.078027946325,641.2494271811771,628.7484497588706,634.5902099609375,8228400,0.0,0.0
2025-05-23 00:00:00-04:00,622.0592607315479,630.4829920563529,620.7134837844421,625.1097412109375,8454100,0.0,0.0
2025-05-27 00:00:00-04:00,633.4338437693247,641.080033825353,630.7821431595195,640.3223876953125,9508400,0.0,0.0
2025-05-28 00:00:00-04:00,640.6014366817531,648.8557144048555,640.5516043549418,641.5784301757812,9042900,0.0,0.0
2025-05-29 00:00:00-04:00,649.6233948044612,651.288184072806,637.5111569296643,643.0438842773438,8858800,0.0,0.0
2025-05-30 00:00:00-04:00,640.501786260345,647.3902689717587,630.8120452521741,645.4762573242188,16241000,0.0,0.0
2025-06-02 00:00:00-04:00,642.3859148545713,671.166122188044,642.256314296396,668.8134765625,15766300,0.0,0.0
2025-06-03 00:00:00-04:00,669.3617309927172,673.4788911194719,662.9617149147357,664.7760009765625,11585000,0.0,0.0
2025-06-04 00:00:00-04:00,667.238360939457,686.857147039673,666.4906935079915,685.8104248046875,14031900,0.0,0.0
2025-06-05 00:00:00-04:00,689.5088669424362,692.2204392102127,680.1281594087234,682.4907836914062,13083100,0.0,0.0
2025-06-06 00:00:00-04:00,694.0049115535481,700.6242759213419,689.71829661582,695.5401611328125,11728000,0.0,0.0
2025-06-09 00:00:00-04:00,696.2877682898165,702.9968181048444,691.7818062976731,691.9014282226562,12773200,0.0,0.0
2025-06-10 00:00:00-04:00,699.1687320280228,701.0428899746662,689.4092014623567,700.2155151367188,10850100,0.0,0.0
2025-06-11 00:00:00-04:00,701.5214452489874,706.6653705943312,689.8378634515371,691.981201171875,9582500,0.0,0.0
2025-06-12 00:00:00-04:00,691.1438633468866,693.2174116991354,684.8634681659612,691.2036743164062,7322700,0.0,0.0
2025-06-13 00:00:00-04:00,685.8104336581752,692.409840070813,678.8920151692206,680.7462158203125,9274400,0.0,0.0
2025-06-16 00:00:00-04:00,697.6914734952734,705.4931583928874,691.8851025594383,700.4749145507812,13720300,0.525,0.0
2025-06-17 00:00:00-04:00,700.3552179138009,704.3158869977019,694.4291328649981,695.5963745117188,10066100,0.0,0.0
2025-06-18 00:00:00-04:00,696.5440968778995,699.9461410540869,693.2718138640435,694.1397705078125,10068300,0.0,0.0
2025-06-20 00:00:00-04:00,699.1081336202601,700.1756339033776,677.079850298128,680.751220703125,22538600,0.0,0.0
2025-06-23 00:00:00-04:00,682.0881746874048,697.4121728945754,677.1597462532054,696.8934326171875,11080100,0.0,0.0
2025-06-24 00:00:00-04:00,703.2384409706419,711.5189816994163,700.4649253469852,710.5313110351562,13823200,0.0,0.0
2025-06-25 00:00:00-04:00,711.6487356204278,714.9011073526044,703.7273361920762,707.0195922851562,9320400,0.0,0.0
2025-06-26 00:00:00-04:00,712.6862960420309,726.5138085370661,709.3840535476093,724.3888549804688,13964800,0.0,0.0
2025-06-27 00:00:00-04:00,724.8177454897765,733.7068421056694,724.1592578043636,731.9110717773438,18775700,0.0,0.0
2025-06-30 00:00:00-04:00,742.8054817668852,746.1476691378697,732.5296271967599,736.3606567382812,15402100,0.0,0.0
2025-07-01 00:00:00-04:00,735.1534455733583,736.0214022335938,713.693835204326,717.5347900390625,13431200,0.0,0.0
2025-07-02 00:00:00-04:00,713.6540184351263,718.6123446328994,711.1299169276585,711.8981323242188,9336700,0.0,0.0
2025-07-03 00:00:00-04:00,724.9075473573512,727.3219211703462,712.7461059372963,717.3253784179688,8601700,0.0,0.0
2025-07-07 00:00:00-04:00,715.9186273791692,725.29662738586,711.8382444141125,716.6668701171875,9457100,0.0,0.0
2025-07-08 00:00:00-04:00,719.8793609595846,721.2161872254258,713.1351899702655,718.9814453125,7770700,0.0,0.0
2025-07-09 00:00:00-04:00,721.0266226856489,735.8019810021477,721.0266226856489,731.0631103515625,11418000,0.0,0.0
2025-07-10 00:00:00-04:00,729.8359710403425,734.0760133186282,717.9139576323801,725.5360717773438,9913600,0.0,0.0
2025-07-11 00:00:00-04:00,720.8071559255932,723.4608966552098,708.0371589748221,715.828857421875,10873900,0.0,0.0
2025-07-14 00:00:00-04:00,715.9186673172987,726.294324886829,714.8711396040657,719.2308959960938,8939400,0.0,0.0
2025-07-15 00:00:00-04:00,722.2039420372861,722.7725529543028,708.1569141283312,708.7255859375,11529500,0.0,0.0
2025-07-16 00:00:00-04:00,711.6985138171127,712.2970836136572,697.6315755690009,701.2630004882812,13067600,0.0,0.0
2025-07-17 00:00:00-04:00,702.7395996705828,704.2460714207873,695.4766277838654,699.7665405273438,11803300,0.0,0.0
2025-07-18 00:00:00-04:00,700.5447529444856,703.0588680042227,690.0294703606638,702.6298828125,12779800,0.0,0.0
2025-07-21 00:00:00-04:00,705.1439122135475,715.3200251684316,704.1063709182977,711.2994384765625,9404400,0.0,0.0
2025-07-22 00:00:00-04:00,714.5119719450398,714.9209845240272,699.7665722015134,703.1586303710938,8921100,0.0,0.0
2025-07-23 00:00:00-04:00,704.7150127643985,712.955669824656,703.2783841619789,711.9081420898438,8771600,0.0,0.0
2025-07-24 00:00:00-04:00,715.3699112663372,721.9245248031309,712.3270697155897,713.1251831054688,10920800,0.0,0.0
2025-07-25 00:00:00-04:00,715.2401874661052,718.9614892126135,710.2319910963464,711.0101318359375,8271700,0.0,0.0
2025-07-28 00:00:00-04:00,713.5243091595448,723.0419351595109,711.0101939967738,715.9486083984375,8715700,0.0,0.0
2025-07-29 00:00:00-04:00,718.3130022321428,722.7724995594365,698.270047363426,698.35986328125,13267000,0.0,0.0
2025-07-30 00:00:00-04:00,706.4309422136296,706.8399547738821,689.5805015781577,693.5811157226562,27077300,0.0,0.0
2025-07-31 00:00:00-04:00,773.3836936232736,782.9113054874113,763.7163951695271,771.6278076171875,38831100,0.0,0.0
2025-08-01 00:00:00-04:00,758.9476005405788,764.2052724882252,743.5637464392476,748.2527465820312,19028700,0.0,0.0
2025-08-04 00:00:00-04:00,758.2193240496142,775.029820232538,756.6330226185955,774.5509643554688,15801700,0.0,0.0
2025-08-05 00:00:00-04:00,774.6307577641016,781.2950989411861,761.212259491104,761.6712036132812,11640300,0.0,0.0
2025-08-06 00:00:00-04:00,768.1958857027562,771.827371776558,758.6782598971715,770.1812133789062,9733900,0.0,0.0
2025-08-07 00:00:00-04:00,771.6776357205837,773.1841074016191,757.7702959207965,760.0449829101562,9019700,0.0,0.0
2025-08-08 00:00:00-04:00,760.9629170758883,768.0961893607639,756.8027042152274,767.49755859375,7320800,0.0,0.0
2025-08-11 00:00:00-04:00,768.2757194135389,771.6478049440495,762.8783609453131,764.0755615234375,7612000,0.0,0.0
2025-08-12 00:00:00-04:00,771.1888187456735,791.8103707559926,770.6201469797736,788.1489868164062,14563100,0.0,0.0
2025-08-13 00:00:00-04:00,789.2963900548351,793.5962894533881,776.4066172801486,778.2523193359375,8811800,0.0,0.0
2025-08-14 00:00:00-04:00,776.0573823379099,785.9641084064921,770.6999694623344,780.2974243164062,8116200,0.0,0.0
2025-08-15 00:00:00-04:00,782.3127110697359,794.3843356438543,778.9904964215748,783.39013671875,13375400,0.0,0.0
2025-08-18 00:00:00-04:00,773.2739649293972,773.9922487170201,754.7873521125813,765.572021484375,16513700,0.0,0.0
2025-08-19 00:00:00-04:00,765.3226078635242,765.3724785334582,747.604210382002,749.71923828125,12286700,0.0,0.0
2025-08-20 00:00:00-04:00,745.8184665954027,748.4423094323544,729.2872824481717,745.9680786132812,11898200,0.0,0.0
2025-08-21 00:00:00-04:00,742.965126847803,743.7532539146816,731.392269728463,737.3682250976562,8876300,0.0,0.0
2025-08-22 00:00:00-04:00,737.4979443181139,755.1265868650723,732.6693186706706,753.021484375,10612700,0.0,0.0
2025-08-25 00:00:00-04:00,753.0514312038815,757.1019160115399,748.3724176422635,751.5349731445312,6861200,0.0,0.0
2025-08-26 00:00:00-04:00,749.0408739151204,753.1013452690629,746.187589469264,752.3331298828125,7601800,0.0,0.0
2025-08-27 00:00:00-04:00,750.5373617239242,752.3830637406979,741.0995653139147,745.62890625,8315400,0.0,0.0
2025-08-28 00:00:00-04:00,742.2568318080029,751.2856157691724,739.0643171271723,749.3501586914062,7468000,0.0,0.0
2025-08-29 00:00:00-04:00,743.5337768140281,745.3894040667411,733.6269900366806,736.9691772460938,9070500,0.0,0.0
2025-09-02 00:00:00-04:00,724.3388175548104,734.2755025264773,720.0389186102121,733.3875732421875,9350900,0.0,0.0
2025-09-03 00:00:00-04:00,734.2755314397929,738.5155735710689,732.2702311831985,735.3230590820312,7699300,0.0,0.0
2025-09-04 00:00:00-04:00,746.8161054490425,759.3765729399474,744.0725487076684,746.8959350585938,11439100,0.0,0.0
2025-09-05 00:00:00-04:00,750.8566574056083,756.1741866261438,743.2844743615274,750.6870727539062,9663400,0.0,0.0
2025-09-08 00:00:00-04:00,754.2286966166499,764.7140814935753,750.2580412178338,750.537353515625,13087800,0.0,0.0
2025-09-09 00:00:00-04:00,755.7152196596044,764.5045757250664,751.6647345226843,763.906005859375,10999000,0.0,0.0
2025-09-10 00:00:00-04:00,763.3372922969834,763.9059640843684,749.2403942554,750.2180786132812,12478300,0.0,0.0
2025-09-11 00:00:00-04:00,752.8818385469593,755.326049350588,746.6165236987539,749.140625,7923300,0.0,0.0
2025-09-12 00:00:00-04:00,746.9757286440731,755.7950435825012,742.0174024328237,753.8197021484375,8248600,0.0,0.0
2025-09-15 00:00:00-04:00,755.6952236302711,772.2563664766384,750.2280827190908,762.9083251953125,10533800,0.0,0.0
2025-09-16 00:00:00-04:00,765.2029206615051,779.5292605984961,763.3073480005289,777.1748046875,11782500,0.0,0.0
2025-09-17 00:00:00-04:00,778.16248073438,781.4547366857648,764.5145401578408,773.9024658203125,9400900,0.0,0.0
2025-09-18 00:00:00-04:00,778.9206424262118,786.9318567440129,771.5479431530769,778.4218139648438,10955000,0.0,0.0
2025-09-19 00:00:00-04:00,784.5773532506886,788.9470955167301,767.3877436699294,776.5562133789062,23696800,0.0,0.0
2025-09-22 00:00:00-04:00,780.5445827585347,784.4181095052566,763.1935958899483,763.8824462890625,11706900,0.525,0.0
2025-09-23 00:00:00-04:00,767.9655831903335,769.3133047218867,749.815945650324,754.1387329101562,10872600,0.0,0.0
2025-09-24 00:00:00-04:00,756.2352564498105,759.8392144671293,751.2735837511626,759.3899536132812,8828200,0.0,0.0
2025-09-25 00:00:00-04:00,752.1920046258563,755.5064686568031,743.3068402529434,747.6595458984375,10591100,0.0,0.0
2025-09-26 00:00:00-04:00,748.7477432379202,750.6745134518627,736.1188402620083,742.5081787109375,9696300,0.0,0.0
2025-09-29 00:00:00-04:00,747.4698158948381,749.5264347617783,737.9158487633198,742.1587524414062,9246800,0.0,0.0
2025-09-30 00:00:00-04:00,741.0107248479524,741.7294934738761,725.087343094007,733.1538696289062,16226800,0.0,0.0
2025-10-01 00:00:00-04:00,720.28530706911,720.6446913474787,709.0141800953496,716.1422729492188,20419600,0.0,0.0
2025-10-02 00:00:00-04:00,721.3735522103992,726.5548890984803,716.9409630753169,725.8360595703125,11415300,0.0,0.0
2025-10-03 00:00:00-04:00,728.4117628788885,729.7794705550638,708.9942257916973,709.3735961914062,16154300,0.0,0.0
2025-10-06 00:00:00-04:00,704.0125981338592,715.6830826309072,689.3571155710283,714.465087890625,21654700,0.0,0.0
2025-10-07 00:00:00-04:00,716.5216106896504,717.3003375901077,704.5716259627259,711.889404296875,12062900,0.0,0.0
2025-10-08 00:00:00-04:00,712.2587946669486,718.4484549738279,706.6281969142439,716.6414794921875,10790600,0.0,0.0
2025-10-09 00:00:00-04:00,717.0807271377935,732.2852783203125,711.2504512938121,732.2852783203125,12717200,0.0,0.0
2025-10-10 00:00:00-04:00,729.6995938834806,734.0423674154782,703.333716456913,704.1223754882812,16980100,0.0,0.0
2025-10-13 00:00:00-04:00,711.8194939498104,718.7379155876384,706.4584651360833,714.5050048828125,9251800,0.0,0.0
2025-10-14 00:00:00-04:00,706.598254382022,714.3552394376962,698.1623510959027,707.466796875,8829800,0.0,0.0
2025-10-15 00:00:00-04:00,715.8627565899488,722.6913629779451,708.3253746524584,716.3519287109375,10246800,0.0,0.0
2025-10-16 00:00:00-04:00,716.3519343648386,724.2786798244232,702.7047754671785,710.881103515625,9017000,0.0,0.0
2025-10-17 00:00:00-04:00,705.8994251244851,717.3402516818879,704.9410060739878,715.7229614257812,12232400,0.0,0.0
2025-10-20 00:00:00-04:00,719.9858621042338,732.5448748734839,718.9775387090459,730.947509765625,8900200,0.0,0.0
2025-10-21 00:00:00-04:00,734.7911237948646,737.2669635645257,727.5332426508437,732.0457153320312,7647300,0.0,0.0
2025-10-22 00:00:00-04:00,732.6047674176828,739.3634223567747,722.8211423130082,732.1854248046875,8734500,0.0,0.0
2025-10-23 00:00:00-04:00,733.4733185275871,741.170406509876,731.8759534115667,732.7744750976562,9856000,0.0,0.0
2025-10-24 00:00:00-04:00,735.5598112729552,739.9724753796752,729.9292742962166,737.127197265625,9151300,0.0,0.0
2025-10-27 00:00:00-04:00,748.4781384032651,754.4881061640369,746.7610395763271,749.5663452148438,11321100,0.0,0.0
2025-10-28 00:00:00-04:00,751.3733793283152,757.1337649704751,744.2752651341964,750.1853637695312,12193800,0.0,0.0
2025-10-29 00:00:00-04:00,753.4897913670577,757.8924011644837,741.2702382858599,750.4149169921875,26818600,0.0,0.0
2025-10-30 00:00:00-04:00,668.0328178882455,679.8230975870755,649.08446528138,665.3572387695312,88440100,0.0,0.0
2025-10-31 00:00:00-04:00,673.383812052831,673.7631824593219,644.4921293755289,647.2674560546875,56953200,0.0,0.0
2025-11-03 00:00:00-05:00,654.90470367213,658.2291607688485,635.1177890022415,636.645263671875,33003600,0.0,0.0
2025-11-04 00:00:00-05:00,626.9913515895119,640.6684891460408,624.9647727272926,626.2725830078125,27356600,0.0,0.0
2025-11-05 00:00:00-05:00,631.2542465797685,641.1576663615418,625.4938610947797,634.88818359375,20219900,0.0,0.0
2025-11-06 00:00:00-05:00,634.7882936522686,634.938067569805,616.9681222612256,617.9065551757812,23628800,0.0,0.0
2025-11-07 00:00:00-05:00,615.4606203242017,621.0912176885568,600.1961723842201,620.6719360351562,29946800,0.0,0.0
2025-11-10 00:00:00-05:00,630.0363359130761,633.9397808237388,617.077966360211,630.7052001953125,19245000,0.0,0.0
2025-11-11 00:00:00-05:00,626.9514668906089,628.5088598168925,618.3558571038752,626.0330200195312,13302200,0.0,0.0
2025-11-12 00:00:00-05:00,627.0812350986922,627.939784558569,606.7552442025384,607.9931640625,24493300,0.0,0.0
2025-11-13 00:00:00-05:00,612.0463872625083,616.6187572691151,601.993193452889,608.8717041015625,20973800,0.0,0.0
2025-11-14 00:00:00-05:00,600.7852061056304,612.6553687237855,594.2062431482154,608.4424438476562,20724100,0.0,0.0
2025-11-17 00:00:00-05:00,608.0230519623859,610.6686515784111,594.4058732487083,601.0048217773438,16501300,0.0,0.0
2025-11-18 00:00:00-05:00,590.612218909938,602.6520806612418,582.8053290854997,596.6920776367188,25500600,0.0,0.0
2025-11-19 00:00:00-05:00,592.7286370493186,594.3359951431619,580.2794874440681,589.3343505859375,24744700,0.0,0.0
2025-11-20 00:00:00-05:00,602.4923362369276,605.706930555967,582.375956312388,588.1663208007812,20603000,0.0,0.0
2025-11-21 00:00:00-05:00,587.517412968027,597.1213460929463,580.88848479756,593.2578125,21052600,0.0,0.0
2025-11-24 00:00:00-05:00,597.7203367937327,615.6703584886146,596.6321908004635,612.0264282226562,23554900,0.0,0.0
2025-11-25 00:00:00-05:00,622.9580871825591,635.9862849922763,617.2675924687619,635.1576538085938,25213000,0.0,0.0
2025-11-26 00:00:00-05:00,636.6252677780955,637.2941320349476,630.5753884422047,632.5520629882812,15209500,0.0,0.0
2025-11-28 00:00:00-05:00,635.0179876534709,646.9679727244463,634.4389389877349,646.8681640625,11033200,0.0,0.0
2025-12-01 00:00:00-05:00,638.4821234657416,644.242508725797,636.6951341862962,639.7999267578125,13029900,0.0,0.0
2025-12-02 00:00:00-05:00,641.2675300698932,646.7882651016448,637.0046400682228,646.01953125,11640900,0.0,0.0
2025-12-03 00:00:00-05:00,643.3340098224904,647.7665988470103,636.4854785031988,638.5320434570312,11134300,0.0,0.0
2025-12-04 00:00:00-05:00,674.87134871331,674.9711573797597,658.9479666864565,660.425537109375,29874600,0.0,0.0
2025-12-05 00:00:00-05:00,662.8913386215002,673.5634922785046,661.2840414153883,672.2955932617188,21207900,0.0,0.0
2025-12-08 00:00:00-05:00,668.2224435191038,675.5801331063639,663.9595535520253,665.6866455078125,13161000,0.0,0.0
2025-12-09 00:00:00-05:00,662.6617867420982,663.3705623262879,652.2492080192432,655.8631591796875,12997100,0.0,0.0
2025-12-10 00:00:00-05:00,648.8648024836247,653.4171862971667,642.3257510862366,649.0444946289062,16910900,0.0,0.0
2025-12-11 00:00:00-05:00,642.2158631242634,654.1858943512054,639.730030479328,651.6201782226562,13056700,0.0,0.0
2025-12-12 00:00:00-05:00,648.7150654102267,709.8128965395189,637.543746077992,643.1543579101562,14016900,0.0,0.0
2025-12-15 00:00:00-05:00,645.1476664750544,652.4414097008485,638.1536544261938,646.9561157226562,15549100,0.525,0.0
2025-12-16 00:00:00-05:00,642.9495426008936,661.973233609148,642.6498114209788,656.587890625,14309100,0.0,0.0
2025-12-17 00:00:00-05:00,655.0491556477624,660.664343241777,648.644665798819,648.9443969726562,15598500,0.0,0.0
2025-12-18 00:00:00-05:00,656.4679564970005,669.9863502083882,655.8984367998282,663.881591796875,20260300,0.0,0.0
2025-12-19 00:00:00-05:00,665.8499012351181,670.4260003995075,657.6169598101359,658.2064819335938,49977100,0.0,0.0
2025-12-22 00:00:00-05:00,661.0840391473547,673.0038267300547,656.0883162216827,660.9341430664062,15659400,0.0,0.0
2025-12-23 00:00:00-05:00,659.4853234816244,665.4302455294139,657.6868755551602,664.3711547851562,8486800,0.0,0.0
2025-12-24 00:00:00-05:00,661.9632786179176,667.6084088263418,661.633543835896,666.9789428710938,5627500,0.0,0.0
2025-12-26 00:00:00-05:00,667.4885344385556,668.3777877623371,660.7543096382171,662.7225952148438,7133800,0.0,0.0
2025-12-29 00:00:00-05:00,657.4471149030659,659.6851889371151,653.8302165118,658.1265258789062,8506500,0.0,0.0
2025-12-30 00:00:00-05:00,658.1265110341435,671.6449047754843,657.2772625792347,665.3803100585938,9187500,0.0,0.0
2025-12-31 00:00:00-05:00,664.1813161961976,664.4311023248911,658.8758612620638,659.5253295898438,7940400,0.0,0.0
2026-01-02 00:00:00-05:00,662.1630447721155,663.8216588672108,642.9495146869224,649.8535766601562,13726500,0.0,0.0
2026-01-05 00:00:00-05:00,650.4531272549772,663.9715218041853,647.1959061445123,658.2264404296875,12213700,0.0,0.0
2026-01-06 00:00:00-05:00,659.0057810200069,664.9507033148827,651.3423593634897,660.0548706054688,11074400,0.0,0.0
2026-01-07 00:00:00-05:00,655.0791375151089,658.5861445899717,644.2583851266311,648.1350708007812,12846300,0.0,0.0
2026-01-08 00:00:00-05:00,645.3274855180696,646.5464125947736,635.1761427603,645.50732421875,11921700,0.0,0.0
2026-01-09 00:00:00-05:00,644.8878661181845,654.3897406244424,642.3000548798136,652.5013427734375,11634900,0.0,0.0
2026-01-12 00:00:00-05:00,651.9718010113269,653.4105105723186,640.6814191818085,641.4207763671875,14797200,0.0,0.0
2026-01-13 00:00:00-05:00,641.720599826752,641.720599826752,623.5660991574318,630.5501708984375,18030400,0.0,0.0
2026-01-14 00:00:00-05:00,625.9640568168747,627.9124008742662,614.2940558608916,614.9934692382812,15527900,0.0,0.0
2026-01-15 00:00:00-05:00,617.9508982377323,623.6360331340583,613.7045339245012,620.2689208984375,13076100,0.0,0.0
2026-01-16 00:00:00-05:00,623.6460522405506,628.5418850412981,619.5495838845379,619.7194213867188,17012500,0.0,0.0
2026-01-20 00:00:00-05:00,607.3600037753715,610.8770121629093,599.4867397151437,603.6032104492188,15169600,0.0,0.0
2026-01-21 00:00:00-05:00,606.2209580964126,617.7411240978843,599.5666821865381,612.4356689453125,14494700,0.0,0.0
2026-01-22 00:00:00-05:00,628.811597152667,660.0049216653568,626.0140046136898,647.0759887695312,21394700,0.0,0.0
2026-01-23 00:00:00-05:00,644.2184496993522,665.9198400091174,643.8987161260534,658.1964721679688,22797700,0.0,0.0
2026-01-26 00:00:00-05:00,664.5609947255355,674.7023359243682,660.7242529636108,671.7847900390625,16327400,0.0,0.0
2026-01-27 00:00:00-05:00,674.0129574053085,676.2410302656567,664.0913982323968,672.394287109375,13297400,0.0,0.0
2026-01-28 00:00:00-05:00,673.9229813666298,677.1002536346601,665.5301429727417,668.1578979492188,25709600,0.0,0.0
2026-01-29 00:00:00-05:00,736.7991536844581,743.363540655783,711.9404325537852,737.6784057617188,59852900,0.0,0.0
2026-01-30 00:00:00-05:00,726.8776752394725,731.5436633097714,712.9796010924755,715.8870849609375,23744600,0.0,0.0
2026-02-02 00:00:00-05:00,713.9886602426056,720.6829408229889,702.9181827036907,705.8056640625,14365200,0.0,0.0
2026-02-03 00:00:00-05:00,706.7648539132639,716.3866205151361,685.8227628297016,691.1082763671875,13760700,0.0,0.0
2026-02-04 00:00:00-05:00,687.1416843315144,688.2407799622291,666.8890651090074,668.417724609375,16882800,0.0,0.0
2026-02-05 00:00:00-05:00,663.0123852284637,680.9170392363125,652.9409906690098,669.63671875,17131800,0.0,0.0
2026-02-06 00:00:00-05:00,664.920685797671,671.4151252649915,645.9469408650316,660.8941650390625,18159300,0.0,0.0
2026-02-09 00:00:00-05:00,662.6126578425271,682.7254419812133,658.2164585284562,676.640625,14837500,0.0,0.0
2026-02-10 00:00:00-05:00,677.0202983345941,680.0677378888336,669.216982119095,670.1461791992188,10455800,0.0,0.0
2026-02-11 00:00:00-05:00,673.4234361526849,678.6889475196376,656.5378686274887,668.1179809570312,14323800,0.0,0.0
2026-02-12 00:00:00-05:00,669.3968787035581,675.421749916193,644.7280570616384,649.254150390625,14960100,0.0,0.0
2026-02-13 00:00:00-05:00,644.5481137374378,650.872715705495,634.0271535178357,639.2227172851562,12336400,0.0,0.0
2026-02-17 00:00:00-05:00,638.952945338547,642.0502690775812,628.2620863630333,638.7431030273438,12674700,0.0,0.0
2026-02-18 00:00:00-05:00,633.2578140286595,644.4482453696517,627.6126838179015,642.6697387695312,14649200,0.0,0.0
2026-02-19 00:00:00-05:00,638.0237449576674,646.6363661317032,636.1752909436037,644.2284545898438,10035700,0.0,0.0
2026-02-20 00:00:00-05:00,639.1428111159805,662.7825455010891,638.2336163631846,655.09912109375,14183500,0.0,0.0
2026-02-23 00:00:00-05:00,651.9817939677475,657.1374142434245,635.455964272141,636.7048950195312,8605900,0.0,0.0
2026-02-24 00:00:00-05:00,632.5384628258726,640.5615620292823,628.4419334902003,638.7531127929688,10135600,0.0,0.0
2026-02-25 00:00:00-05:00,641.9803720795121,653.3206382422114,641.5906910720822,653.1307983398438,11330700,0.0,0.0
2026-02-26 00:00:00-05:00,649.9935020296807,660.4345752110744,646.9461232211356,656.447998046875,10637700,0.0,0.0
2026-02-27 00:00:00-05:00,642.8995542116262,648.8844201349368,637.5740968396581,647.62548828125,15703000,0.0,0.0
2026-03-02 00:00:00-05:00,636.6149203669017,659.3754626922687,633.9572226725116,653.0009155273438,9816100,0.0,0.0
2026-03-03 00:00:00-05:00,647.7354225434952,658.4762268569145,638.293554979916,654.5196533203125,12263800,0.0,0.0
2026-03-04 00:00:00-05:00,657.397151925757,672.1944798634893,657.1073609851721,667.1587524414062,10810100,0.0,0.0
2026-03-05 00:00:00-05:00,661.363765843265,670.1262833419206,649.7537106790966,660.0049438476562,13341400,0.0,0.0
2026-03-06 00:00:00-05:00,647.3457881163396,648.9143914185428,635.5658346648192,644.308349609375,13159400,0.0,0.0
2026-03-09 00:00:00-04:00,634.2369839533108,647.195859029807,626.2438278402449,646.836181640625,13489700,0.0,0.0
2026-03-10 00:00:00-04:00,653.0009245574777,659.7351492208539,648.444827744844,653.510498046875,9859300,0.0,0.0
2026-03-11 00:00:00-04:00,654.1999146227295,658.5561703533895,647.8053649208291,654.2998046875,8977200,0.0,0.0
2026-03-12 00:00:00-04:00,648.1950599902964,652.9409968457168,636.355220859953,637.6340942382812,11617500,0.0,0.0
2026-03-13 00:00:00-04:00,623.3562813254467,628.6317326131165,609.0285222575777,613.1849975585938,18957600,0.0,0.0
2026-03-16 00:00:00-04:00,632.0,634.75,623.0999755859375,627.4500122070312,15134900,0.525,0.0
2026-03-17 00:00:00-04:00,627.989990234375,636.5499877929688,621.7000122070312,622.6599731445312,10348800,0.0,0.0
2026-03-18 00:00:00-04:00,616.3400268554688,622.6500244140625,614.6099853515625,615.6799926757812,11726300,0.0,0.0
2026-03-19 00:00:00-04:00,612.1500244140625,613.0,602.260009765625,606.7000122070312,13247700,0.0,0.0
2026-03-20 00:00:00-04:00,603.530029296875,603.9600219726562,587.25,593.6599731445312,21214900,0.0,0.0
2026-03-23 00:00:00-04:00,605.7899780273438,608.6400146484375,599.010009765625,604.0599975585938,13638000,0.0,0.0
2026-03-24 00:00:00-04:00,599.0999755859375,601.0,591.0,592.9199829101562,10739700,0.0,0.0
2026-03-25 00:00:00-04:00,598.739990234375,603.6699829101562,593.4000244140625,594.8900146484375,12585000,0.0,0.0
2026-03-26 00:00:00-04:00,582.489990234375,583.0,543.3499755859375,547.5399780273438,35780100,0.0,0.0
2026-03-27 00:00:00-04:00,540.0999755859375,543.5999755859375,520.260009765625,525.719970703125,30133000,0.0,0.0
2026-03-30 00:00:00-04:00,536.3800048828125,539.5499877929688,528.5399780273438,536.3800048828125,22795200,0.0,0.0
2026-03-31 00:00:00-04:00,549.97998046875,573.6900024414062,546.77001953125,572.1300048828125,32898300,0.0,0.0
2026-04-01 00:00:00-04:00,580.1300048828125,592.5499877929688,573.8200073242188,579.22998046875,23608100,0.0,0.0
2026-04-02 00:00:00-04:00,566.0399780273438,578.5,559.7000122070312,574.4600219726562,13518500,0.0,0.0
2026-04-06 00:00:00-04:00,577.6900024414062,582.7899780273438,572.0,573.02001953125,9515700,0.0,0.0
2026-04-07 00:00:00-04:00,572.47998046875,575.22998046875,564.760009765625,575.0499877929688,9580800,0.0,0.0
2026-04-08 00:00:00-04:00,606.0,629.9500122070312,591.8300170898438,612.4199829101562,32036600,0.0,0.0
2026-04-09 00:00:00-04:00,626.969970703125,637.5,623.0,628.3900146484375,19012900,0.0,0.0
2026-04-10 00:00:00-04:00,634.469970703125,638.5800170898438,624.3300170898438,629.8599853515625,13275200,0.0,0.0
